,year,group,median_wage
0,1995,ratio_HS_total,83.0
1,1996,ratio_HS_total,85.0
2,1997,ratio_HS_total,86.0
3,1998,ratio_HS_total,86.0
4,1999,ratio_HS_total,84.0
5,2000,ratio_HS_total,83.0
6,2001,ratio_HS_total,84.0
7,2002,ratio_HS_total,84.0
8,2003,ratio_HS_total,83.0
9,2004,ratio_HS_total,84.0
10,2005,ratio_HS_total,84.0
11,2006,ratio_HS_total,84.0
12,2007,ratio_HS_total,83.0
13,2008,ratio_HS_total,82.0
14,2009,ratio_HS_total,79.0
15,2010,ratio_HS_total,78.0
16,2011,ratio_HS_total,81.0
17,2012,ratio_HS_total,80.0
18,2013,ratio_HS_total,80.0
19,2014,ratio_HS_total,81.0
20,2015,ratio_HS_total,80.0
21,2016,ratio_HS_total,79.0
22,2017,ratio_HS_total,79.0
23,2018,ratio_HS_total,79.0
24,2019,ratio_HS_total,77.0
25,2020,ratio_HS_total,77.0
26,1995,ratio_SC_total,98.0
27,1996,ratio_SC_total,98.0
28,1997,ratio_SC_total,100.0
29,1998,ratio_SC_total,97.0
30,1999,ratio_SC_total,96.0
31,2000,ratio_SC_total,96.0
32,2001,ratio_SC_total,97.0
33,2002,ratio_SC_total,100.0
34,2003,ratio_SC_total,96.0
35,2004,ratio_SC_total,95.0
36,2005,ratio_SC_total,95.0
37,2006,ratio_SC_total,96.0
38,2007,ratio_SC_total,96.0
39,2008,ratio_SC_total,94.0
40,2009,ratio_SC_total,91.0
41,2010,ratio_SC_total,91.0
42,2011,ratio_SC_total,91.0
43,2012,ratio_SC_total,90.0
44,2013,ratio_SC_total,90.0
45,2014,ratio_SC_total,91.0
46,2015,ratio_SC_total,90.0
47,2016,ratio_SC_total,89.0
48,2017,ratio_SC_total,89.0
49,2018,ratio_SC_total,89.0
50,2019,ratio_SC_total,86.0
51,2020,ratio_SC_total,86.0
52,1995,ratio_BA_total,137.0
53,1996,ratio_BA_total,137.0
54,1997,ratio_BA_total,138.0
55,1998,ratio_BA_total,139.0
56,1999,ratio_BA_total,140.0
57,2000,ratio_BA_total,137.0
58,2001,ratio_BA_total,136.0
59,2002,ratio_BA_total,139.0
60,2003,ratio_BA_total,139.0
61,2004,ratio_BA_total,134.0
62,2005,ratio_BA_total,135.0
63,2006,ratio_BA_total,138.0
64,2007,ratio_BA_total,137.0
65,2008,ratio_BA_total,131.0
66,2009,ratio_BA_total,132.0
67,2010,ratio_BA_total,130.0
68,2011,ratio_BA_total,130.0
69,2012,ratio_BA_total,128.0
70,2013,ratio_BA_total,132.0
71,2014,ratio_BA_total,131.0
72,2015,ratio_BA_total,133.0
73,2016,ratio_BA_total,133.0
74,2017,ratio_BA_total,133.0
75,2018,ratio_BA_total,128.0
76,2019,ratio_BA_total,128.0
77,2020,ratio_BA_total,125.0
78,1995,ratio_AD_total,184.0
79,1996,ratio_AD_total,186.0
80,1997,ratio_AD_total,187.0
81,1998,ratio_AD_total,183.0
82,1999,ratio_AD_total,182.0
83,2000,ratio_AD_total,174.0
84,2001,ratio_AD_total,177.0
85,2002,ratio_AD_total,182.0
86,2003,ratio_AD_total,179.0
87,2004,ratio_AD_total,179.0
88,2005,ratio_AD_total,173.0
89,2006,ratio_AD_total,176.0
90,2007,ratio_AD_total,177.0
91,2008,ratio_AD_total,174.0
92,2009,ratio_AD_total,175.0
93,2010,ratio_AD_total,175.0
94,2011,ratio_AD_total,175.0
95,2012,ratio_AD_total,174.0
96,2013,ratio_AD_total,173.0
97,2014,ratio_AD_total,170.0
98,2015,ratio_AD_total,171.0
99,2016,ratio_AD_total,171.0
100,2017,ratio_AD_total,167.0
101,2018,ratio_AD_total,167.0
102,2019,ratio_AD_total,164.0
103,2020,ratio_AD_total,162.0
104,1995,ratio_A_BA_total,128.0
105,1996,ratio_A_BA_total,129.0
106,1997,ratio_A_BA_total,131.0
107,1998,ratio_A_BA_total,132.0
108,1999,ratio_A_BA_total,131.0
109,2000,ratio_A_BA_total,134.0
110,2001,ratio_A_BA_total,134.0
111,2002,ratio_A_BA_total,133.0
112,2003,ratio_A_BA_total,128.0
113,2004,ratio_A_BA_total,134.0
114,2005,ratio_A_BA_total,132.0
115,2006,ratio_A_BA_total,136.0
116,2007,ratio_A_BA_total,137.0
117,2008,ratio_A_BA_total,136.0
118,2009,ratio_A_BA_total,129.0
119,2010,ratio_A_BA_total,130.0
120,2011,ratio_A_BA_total,130.0
121,2012,ratio_A_BA_total,133.0
122,2013,ratio_A_BA_total,141.0
123,2014,ratio_A_BA_total,139.0
124,2015,ratio_A_BA_total,143.0
125,2016,ratio_A_BA_total,137.0
126,2017,ratio_A_BA_total,145.0
127,2018,ratio_A_BA_total,133.0
128,2019,ratio_A_BA_total,143.0
129,2020,ratio_A_BA_total,135.0
130,1995,ratio_A_AD_total,176.0
131,1996,ratio_A_AD_total,180.0
132,1997,ratio_A_AD_total,190.0
133,1998,ratio_A_AD_total,175.0
134,1999,ratio_A_AD_total,175.0
135,2000,ratio_A_AD_total,184.0
136,2001,ratio_A_AD_total,193.0
137,2002,ratio_A_AD_total,192.0
138,2003,ratio_A_AD_total,185.0
139,2004,ratio_A_AD_total,193.0
140,2005,ratio_A_AD_total,188.0
141,2006,ratio_A_AD_total,184.0
142,2007,ratio_A_AD_total,181.0
143,2008,ratio_A_AD_total,188.0
144,2009,ratio_A_AD_total,179.0
145,2010,ratio_A_AD_total,188.0
146,2011,ratio_A_AD_total,180.0
147,2012,ratio_A_AD_total,181.0
148,2013,ratio_A_AD_total,188.0
149,2014,ratio_A_AD_total,191.0
150,2015,ratio_A_AD_total,190.0
151,2016,ratio_A_AD_total,194.0
152,2017,ratio_A_AD_total,189.0
153,2018,ratio_A_AD_total,184.0
154,2019,ratio_A_AD_total,197.0
155,2020,ratio_A_AD_total,190.0
156,1995,ratio_A_SC_total,96.0
157,1996,ratio_A_SC_total,91.0
158,1997,ratio_A_SC_total,93.0
159,1998,ratio_A_SC_total,91.0
160,1999,ratio_A_SC_total,92.0
161,2000,ratio_A_SC_total,92.0
162,2001,ratio_A_SC_total,91.0
163,2002,ratio_A_SC_total,93.0
164,2003,ratio_A_SC_total,93.0
165,2004,ratio_A_SC_total,90.0
166,2005,ratio_A_SC_total,90.0
167,2006,ratio_A_SC_total,88.0
168,2007,ratio_A_SC_total,93.0
169,2008,ratio_A_SC_total,87.0
170,2009,ratio_A_SC_total,85.0
171,2010,ratio_A_SC_total,87.0
172,2011,ratio_A_SC_total,88.0
173,2012,ratio_A_SC_total,85.0
174,2013,ratio_A_SC_total,87.0
175,2014,ratio_A_SC_total,88.0
176,2015,ratio_A_SC_total,87.0
177,2016,ratio_A_SC_total,86.0
178,2017,ratio_A_SC_total,87.0
179,2018,ratio_A_SC_total,85.0
180,2019,ratio_A_SC_total,85.0
181,2020,ratio_A_SC_total,86.0
182,1995,ratio_A_HS_total,76.0
183,1996,ratio_A_HS_total,75.0
184,1997,ratio_A_HS_total,77.0
185,1998,ratio_A_HS_total,76.0
186,1999,ratio_A_HS_total,76.0
187,2000,ratio_A_HS_total,78.0
188,2001,ratio_A_HS_total,77.0
189,2002,ratio_A_HS_total,78.0
190,2003,ratio_A_HS_total,77.0
191,2004,ratio_A_HS_total,75.0
192,2005,ratio_A_HS_total,75.0
193,2006,ratio_A_HS_total,76.0
194,2007,ratio_A_HS_total,79.0
195,2008,ratio_A_HS_total,76.0
196,2009,ratio_A_HS_total,75.0
197,2010,ratio_A_HS_total,75.0
198,2011,ratio_A_HS_total,73.0
199,2012,ratio_A_HS_total,71.0
200,2013,ratio_A_HS_total,72.0
201,2014,ratio_A_HS_total,74.0
202,2015,ratio_A_HS_total,74.0
203,2016,ratio_A_HS_total,74.0
204,2017,ratio_A_HS_total,72.0
205,2018,ratio_A_HS_total,73.0
206,2019,ratio_A_HS_total,72.0
207,2020,ratio_A_HS_total,70.0
208,1995,ratio_B_BA_total,120.0
209,1996,ratio_B_BA_total,118.0
210,1997,ratio_B_BA_total,114.99999999999999
211,1998,ratio_B_BA_total,113.99999999999999
212,1999,ratio_B_BA_total,122.0
213,2000,ratio_B_BA_total,118.0
214,2001,ratio_B_BA_total,119.0
215,2002,ratio_B_BA_total,123.0
216,2003,ratio_B_BA_total,122.0
217,2004,ratio_B_BA_total,119.0
218,2005,ratio_B_BA_total,115.99999999999999
219,2006,ratio_B_BA_total,112.99999999999999
220,2007,ratio_B_BA_total,114.99999999999999
221,2008,ratio_B_BA_total,114.99999999999999
222,2009,ratio_B_BA_total,111.00000000000001
223,2010,ratio_B_BA_total,112.99999999999999
224,2011,ratio_B_BA_total,114.99999999999999
225,2012,ratio_B_BA_total,109.00000000000001
226,2013,ratio_B_BA_total,120.0
227,2014,ratio_B_BA_total,111.00000000000001
228,2015,ratio_B_BA_total,117.0
229,2016,ratio_B_BA_total,107.0
230,2017,ratio_B_BA_total,107.0
231,2018,ratio_B_BA_total,107.0
232,2019,ratio_B_BA_total,107.0
233,2020,ratio_B_BA_total,106.0
234,1995,ratio_B_AD_total,160.0
235,1996,ratio_B_AD_total,155.0
236,1997,ratio_B_AD_total,150.0
237,1998,ratio_B_AD_total,152.0
238,1999,ratio_B_AD_total,157.0
239,2000,ratio_B_AD_total,147.0
240,2001,ratio_B_AD_total,148.0
241,2002,ratio_B_AD_total,153.0
242,2003,ratio_B_AD_total,148.0
243,2004,ratio_B_AD_total,155.0
244,2005,ratio_B_AD_total,150.0
245,2006,ratio_B_AD_total,149.0
246,2007,ratio_B_AD_total,152.0
247,2008,ratio_B_AD_total,157.0
248,2009,ratio_B_AD_total,149.0
249,2010,ratio_B_AD_total,140.0
250,2011,ratio_B_AD_total,140.0
251,2012,ratio_B_AD_total,154.0
252,2013,ratio_B_AD_total,150.0
253,2014,ratio_B_AD_total,143.0
254,2015,ratio_B_AD_total,143.0
255,2016,ratio_B_AD_total,137.0
256,2017,ratio_B_AD_total,138.0
257,2018,ratio_B_AD_total,139.0
258,2019,ratio_B_AD_total,138.0
259,2020,ratio_B_AD_total,139.0
260,1995,ratio_B_SC_total,83.0
261,1996,ratio_B_SC_total,83.0
262,1997,ratio_B_SC_total,84.0
263,1998,ratio_B_SC_total,86.0
264,1999,ratio_B_SC_total,84.0
265,2000,ratio_B_SC_total,84.0
266,2001,ratio_B_SC_total,84.0
267,2002,ratio_B_SC_total,84.0
268,2003,ratio_B_SC_total,83.0
269,2004,ratio_B_SC_total,82.0
270,2005,ratio_B_SC_total,81.0
271,2006,ratio_B_SC_total,82.0
272,2007,ratio_B_SC_total,82.0
273,2008,ratio_B_SC_total,80.0
274,2009,ratio_B_SC_total,79.0
275,2010,ratio_B_SC_total,78.0
276,2011,ratio_B_SC_total,78.0
277,2012,ratio_B_SC_total,75.0
278,2013,ratio_B_SC_total,75.0
279,2014,ratio_B_SC_total,76.0
280,2015,ratio_B_SC_total,75.0
281,2016,ratio_B_SC_total,76.0
282,2017,ratio_B_SC_total,77.0
283,2018,ratio_B_SC_total,72.0
284,2019,ratio_B_SC_total,74.0
285,2020,ratio_B_SC_total,73.0
286,1995,ratio_B_HS_total,71.0
287,1996,ratio_B_HS_total,71.0
288,1997,ratio_B_HS_total,72.0
289,1998,ratio_B_HS_total,73.0
290,1999,ratio_B_HS_total,73.0
291,2000,ratio_B_HS_total,71.0
292,2001,ratio_B_HS_total,71.0
293,2002,ratio_B_HS_total,73.0
294,2003,ratio_B_HS_total,73.0
295,2004,ratio_B_HS_total,75.0
296,2005,ratio_B_HS_total,71.0
297,2006,ratio_B_HS_total,71.0
298,2007,ratio_B_HS_total,69.0
299,2008,ratio_B_HS_total,68.0
300,2009,ratio_B_HS_total,68.0
301,2010,ratio_B_HS_total,68.0
302,2011,ratio_B_HS_total,70.0
303,2012,ratio_B_HS_total,68.0
304,2013,ratio_B_HS_total,67.0
305,2014,ratio_B_HS_total,69.0
306,2015,ratio_B_HS_total,68.0
307,2016,ratio_B_HS_total,67.0
308,2017,ratio_B_HS_total,67.0
309,2018,ratio_B_HS_total,67.0
310,2019,ratio_B_HS_total,64.0
311,2020,ratio_B_HS_total,66.0
312,1995,ratio_W_BA_total,140.0
313,1996,ratio_W_BA_total,137.0
314,1997,ratio_W_BA_total,140.0
315,1998,ratio_W_BA_total,143.0
316,1999,ratio_W_BA_total,140.0
317,2000,ratio_W_BA_total,140.0
318,2001,ratio_W_BA_total,140.0
319,2002,ratio_W_BA_total,144.0
320,2003,ratio_W_BA_total,139.0
321,2004,ratio_W_BA_total,137.0
322,2005,ratio_W_BA_total,139.0
323,2006,ratio_W_BA_total,141.0
324,2007,ratio_W_BA_total,137.0
325,2008,ratio_W_BA_total,136.0
326,2009,ratio_W_BA_total,132.0
327,2010,ratio_W_BA_total,130.0
328,2011,ratio_W_BA_total,135.0
329,2012,ratio_W_BA_total,131.0
330,2013,ratio_W_BA_total,132.0
331,2014,ratio_W_BA_total,133.0
332,2015,ratio_W_BA_total,136.0
333,2016,ratio_W_BA_total,137.0
334,2017,ratio_W_BA_total,133.0
335,2018,ratio_W_BA_total,129.0
336,2019,ratio_W_BA_total,129.0
337,2020,ratio_W_BA_total,127.0
338,1995,ratio_W_AD_total,188.0
339,1996,ratio_W_AD_total,188.0
340,1997,ratio_W_AD_total,192.0
341,1998,ratio_W_AD_total,183.0
342,1999,ratio_W_AD_total,182.0
343,2000,ratio_W_AD_total,180.0
344,2001,ratio_W_AD_total,181.0
345,2002,ratio_W_AD_total,185.0
346,2003,ratio_W_AD_total,182.0
347,2004,ratio_W_AD_total,179.0
348,2005,ratio_W_AD_total,177.0
349,2006,ratio_W_AD_total,181.0
350,2007,ratio_W_AD_total,179.0
351,2008,ratio_W_AD_total,175.0
352,2009,ratio_W_AD_total,177.0
353,2010,ratio_W_AD_total,175.0
354,2011,ratio_W_AD_total,175.0
355,2012,ratio_W_AD_total,174.0
356,2013,ratio_W_AD_total,173.0
357,2014,ratio_W_AD_total,170.0
358,2015,ratio_W_AD_total,171.0
359,2016,ratio_W_AD_total,171.0
360,2017,ratio_W_AD_total,167.0
361,2018,ratio_W_AD_total,167.0
362,2019,ratio_W_AD_total,164.0
363,2020,ratio_W_AD_total,160.0
364,1995,ratio_W_SC_total,100.0
365,1996,ratio_W_SC_total,101.0
366,1997,ratio_W_SC_total,100.0
367,1998,ratio_W_SC_total,101.0
368,1999,ratio_W_SC_total,100.0
369,2000,ratio_W_SC_total,99.0
370,2001,ratio_W_SC_total,100.0
371,2002,ratio_W_SC_total,100.0
372,2003,ratio_W_SC_total,99.0
373,2004,ratio_W_SC_total,99.0
374,2005,ratio_W_SC_total,98.0
375,2006,ratio_W_SC_total,99.0
376,2007,ratio_W_SC_total,98.0
377,2008,ratio_W_SC_total,95.0
378,2009,ratio_W_SC_total,94.0
379,2010,ratio_W_SC_total,94.0
380,2011,ratio_W_SC_total,95.0
381,2012,ratio_W_SC_total,93.0
382,2013,ratio_W_SC_total,93.0
383,2014,ratio_W_SC_total,94.0
384,2015,ratio_W_SC_total,93.0
385,2016,ratio_W_SC_total,91.0
386,2017,ratio_W_SC_total,93.0
387,2018,ratio_W_SC_total,90.0
388,2019,ratio_W_SC_total,91.0
389,2020,ratio_W_SC_total,90.0
390,1995,ratio_W_HS_total,87.0
391,1996,ratio_W_HS_total,89.0
392,1997,ratio_W_HS_total,89.0
393,1998,ratio_W_HS_total,88.0
394,1999,ratio_W_HS_total,87.0
395,2000,ratio_W_HS_total,85.0
396,2001,ratio_W_HS_total,85.0
397,2002,ratio_W_HS_total,87.0
398,2003,ratio_W_HS_total,87.0
399,2004,ratio_W_HS_total,87.0
400,2005,ratio_W_HS_total,87.0
401,2006,ratio_W_HS_total,87.0
402,2007,ratio_W_HS_total,86.0
403,2008,ratio_W_HS_total,84.0
404,2009,ratio_W_HS_total,83.0
405,2010,ratio_W_HS_total,81.0
406,2011,ratio_W_HS_total,83.0
407,2012,ratio_W_HS_total,82.0
408,2013,ratio_W_HS_total,83.0
409,2014,ratio_W_HS_total,83.0
410,2015,ratio_W_HS_total,84.0
411,2016,ratio_W_HS_total,82.0
412,2017,ratio_W_HS_total,83.0
413,2018,ratio_W_HS_total,82.0
414,2019,ratio_W_HS_total,81.0
415,2020,ratio_W_HS_total,80.0
416,1995,ratio_L_BA_total,120.0
417,1996,ratio_L_BA_total,122.0
418,1997,ratio_L_BA_total,125.0
419,1998,ratio_L_BA_total,124.0
420,1999,ratio_L_BA_total,126.0
421,2000,ratio_L_BA_total,122.0
422,2001,ratio_L_BA_total,121.0
423,2002,ratio_L_BA_total,125.0
424,2003,ratio_L_BA_total,139.0
425,2004,ratio_L_BA_total,134.0
426,2005,ratio_L_BA_total,135.0
427,2006,ratio_L_BA_total,138.0
428,2007,ratio_L_BA_total,137.0
429,2008,ratio_L_BA_total,131.0
430,2009,ratio_L_BA_total,132.0
431,2010,ratio_L_BA_total,130.0
432,2011,ratio_L_BA_total,130.0
433,2012,ratio_L_BA_total,128.0
434,2013,ratio_L_BA_total,132.0
435,2014,ratio_L_BA_total,131.0
436,2015,ratio_L_BA_total,133.0
437,2016,ratio_L_BA_total,133.0
438,2017,ratio_L_BA_total,133.0
439,2018,ratio_L_BA_total,128.0
440,2019,ratio_L_BA_total,128.0
441,2020,ratio_L_BA_total,125.0
442,1995,ratio_L_AD_total,168.0
443,1996,ratio_L_AD_total,177.0
444,1997,ratio_L_AD_total,154.0
445,1998,ratio_L_AD_total,155.0
446,1999,ratio_L_AD_total,168.0
447,2000,ratio_L_AD_total,160.0
448,2001,ratio_L_AD_total,155.0
449,2002,ratio_L_AD_total,159.0
450,2003,ratio_L_AD_total,179.0
451,2004,ratio_L_AD_total,179.0
452,2005,ratio_L_AD_total,173.0
453,2006,ratio_L_AD_total,176.0
454,2007,ratio_L_AD_total,177.0
455,2008,ratio_L_AD_total,174.0
456,2009,ratio_L_AD_total,175.0
457,2010,ratio_L_AD_total,175.0
458,2011,ratio_L_AD_total,175.0
459,2012,ratio_L_AD_total,174.0
460,2013,ratio_L_AD_total,173.0
461,2014,ratio_L_AD_total,170.0
462,2015,ratio_L_AD_total,171.0
463,2016,ratio_L_AD_total,171.0
464,2017,ratio_L_AD_total,167.0
465,2018,ratio_L_AD_total,167.0
466,2019,ratio_L_AD_total,164.0
467,2020,ratio_L_AD_total,162.0
468,1995,ratio_L_SC_total,85.0
469,1996,ratio_L_SC_total,84.0
470,1997,ratio_L_SC_total,88.0
471,1998,ratio_L_SC_total,86.0
472,1999,ratio_L_SC_total,84.0
473,2000,ratio_L_SC_total,83.0
474,2001,ratio_L_SC_total,87.0
475,2002,ratio_L_SC_total,89.0
476,2003,ratio_L_SC_total,96.0
477,2004,ratio_L_SC_total,95.0
478,2005,ratio_L_SC_total,95.0
479,2006,ratio_L_SC_total,96.0
480,2007,ratio_L_SC_total,96.0
481,2008,ratio_L_SC_total,94.0
482,2009,ratio_L_SC_total,91.0
483,2010,ratio_L_SC_total,91.0
484,2011,ratio_L_SC_total,91.0
485,2012,ratio_L_SC_total,90.0
486,2013,ratio_L_SC_total,90.0
487,2014,ratio_L_SC_total,91.0
488,2015,ratio_L_SC_total,90.0
489,2016,ratio_L_SC_total,89.0
490,2017,ratio_L_SC_total,89.0
491,2018,ratio_L_SC_total,89.0
492,2019,ratio_L_SC_total,86.0
493,2020,ratio_L_SC_total,86.0
494,1995,ratio_L_HS_total,73.0
495,1996,ratio_L_HS_total,72.0
496,1997,ratio_L_HS_total,72.0
497,1998,ratio_L_HS_total,76.0
498,1999,ratio_L_HS_total,73.0
499,2000,ratio_L_HS_total,69.0
500,2001,ratio_L_HS_total,74.0
501,2002,ratio_L_HS_total,73.0
502,2003,ratio_L_HS_total,83.0
503,2004,ratio_L_HS_total,84.0
504,2005,ratio_L_HS_total,84.0
505,2006,ratio_L_HS_total,84.0
506,2007,ratio_L_HS_total,83.0
507,2008,ratio_L_HS_total,82.0
508,2009,ratio_L_HS_total,79.0
509,2010,ratio_L_HS_total,78.0
510,2011,ratio_L_HS_total,81.0
511,2012,ratio_L_HS_total,80.0
512,2013,ratio_L_HS_total,80.0
513,2014,ratio_L_HS_total,81.0
514,2015,ratio_L_HS_total,80.0
515,2016,ratio_L_HS_total,79.0
516,2017,ratio_L_HS_total,79.0
517,2018,ratio_L_HS_total,79.0
518,2019,ratio_L_HS_total,77.0
519,2020,ratio_L_HS_total,77.0
520,1995,ratio_M_HS_total,100.0
521,1996,ratio_M_HS_total,101.0
522,1997,ratio_M_HS_total,100.0
523,1998,ratio_M_HS_total,99.0
524,1999,ratio_M_HS_total,98.0
525,2000,ratio_M_HS_total,97.0
526,2001,ratio_M_HS_total,97.0
527,2002,ratio_M_HS_total,100.0
528,2003,ratio_M_HS_total,96.0
529,2004,ratio_M_HS_total,95.0
530,2005,ratio_M_HS_total,93.0
531,2006,ratio_M_HS_total,96.0
532,2007,ratio_M_HS_total,95.0
533,2008,ratio_M_HS_total,94.0
534,2009,ratio_M_HS_total,91.0
535,2010,ratio_M_HS_total,90.0
536,2011,ratio_M_HS_total,91.0
537,2012,ratio_M_HS_total,90.0
538,2013,ratio_M_HS_total,90.0
539,2014,ratio_M_HS_total,91.0
540,2015,ratio_M_HS_total,91.0
541,2016,ratio_M_HS_total,89.0
542,2017,ratio_M_HS_total,89.0
543,2018,ratio_M_HS_total,89.0
544,2019,ratio_M_HS_total,86.0
545,2020,ratio_M_HS_total,86.0
546,1995,ratio_M_SC_total,114.99999999999999
547,1996,ratio_M_SC_total,115.99999999999999
548,1997,ratio_M_SC_total,114.99999999999999
549,1998,ratio_M_SC_total,113.99999999999999
550,1999,ratio_M_SC_total,112.00000000000001
551,2000,ratio_M_SC_total,112.99999999999999
552,2001,ratio_M_SC_total,113.99999999999999
553,2002,ratio_M_SC_total,114.99999999999999
554,2003,ratio_M_SC_total,112.00000000000001
555,2004,ratio_M_SC_total,112.00000000000001
556,2005,ratio_M_SC_total,110.00000000000001
557,2006,ratio_M_SC_total,112.00000000000001
558,2007,ratio_M_SC_total,110.00000000000001
559,2008,ratio_M_SC_total,109.00000000000001
560,2009,ratio_M_SC_total,105.0
561,2010,ratio_M_SC_total,104.0
562,2011,ratio_M_SC_total,104.0
563,2012,ratio_M_SC_total,101.0
564,2013,ratio_M_SC_total,101.0
565,2014,ratio_M_SC_total,104.0
566,2015,ratio_M_SC_total,105.0
567,2016,ratio_M_SC_total,103.0
568,2017,ratio_M_SC_total,102.0
569,2018,ratio_M_SC_total,103.0
570,2019,ratio_M_SC_total,103.0
571,2020,ratio_M_SC_total,100.0
572,1995,ratio_M_BA_total,156.0
573,1996,ratio_M_BA_total,157.0
574,1997,ratio_M_BA_total,160.0
575,1998,ratio_M_BA_total,161.0
576,1999,ratio_M_BA_total,161.0
577,2000,ratio_M_BA_total,160.0
578,2001,ratio_M_BA_total,161.0
579,2002,ratio_M_BA_total,160.0
580,2003,ratio_M_BA_total,160.0
581,2004,ratio_M_BA_total,155.0
582,2005,ratio_M_BA_total,156.0
583,2006,ratio_M_BA_total,156.0
584,2007,ratio_M_BA_total,158.0
585,2008,ratio_M_BA_total,157.0
586,2009,ratio_M_BA_total,152.0
587,2010,ratio_M_BA_total,150.0
588,2011,ratio_M_BA_total,150.0
589,2012,ratio_M_BA_total,151.0
590,2013,ratio_M_BA_total,155.0
591,2014,ratio_M_BA_total,150.0
592,2015,ratio_M_BA_total,155.0
593,2016,ratio_M_BA_total,154.0
594,2017,ratio_M_BA_total,156.0
595,2018,ratio_M_BA_total,150.0
596,2019,ratio_M_BA_total,148.0
597,2020,ratio_M_BA_total,145.0
598,1995,ratio_M_AD_total,208.0
599,1996,ratio_M_AD_total,204.0
600,1997,ratio_M_AD_total,210.0
601,1998,ratio_M_AD_total,204.99999999999997
602,1999,ratio_M_AD_total,210.0
603,2000,ratio_M_AD_total,200.0
604,2001,ratio_M_AD_total,208.0
605,2002,ratio_M_AD_total,208.0
606,2003,ratio_M_AD_total,204.99999999999997
607,2004,ratio_M_AD_total,209.0
608,2005,ratio_M_AD_total,204.99999999999997
609,2006,ratio_M_AD_total,209.0
610,2007,ratio_M_AD_total,206.0
611,2008,ratio_M_AD_total,204.0
612,2009,ratio_M_AD_total,202.0
613,2010,ratio_M_AD_total,200.0
614,2011,ratio_M_AD_total,200.0
615,2012,ratio_M_AD_total,200.0
616,2013,ratio_M_AD_total,202.0
617,2014,ratio_M_AD_total,200.0
618,2015,ratio_M_AD_total,200.0
619,2016,ratio_M_AD_total,197.0
620,2017,ratio_M_AD_total,200.0
621,2018,ratio_M_AD_total,194.0
622,2019,ratio_M_AD_total,197.0
623,2020,ratio_M_AD_total,192.0
624,1995,ratio_F_HS_total,72.0
625,1996,ratio_F_HS_total,71.0
626,1997,ratio_F_HS_total,72.0
627,1998,ratio_F_HS_total,72.0
628,1999,ratio_F_HS_total,72.0
629,2000,ratio_F_HS_total,69.0
630,2001,ratio_F_HS_total,71.0
631,2002,ratio_F_HS_total,73.0
632,2003,ratio_F_HS_total,72.0
633,2004,ratio_F_HS_total,72.0
634,2005,ratio_F_HS_total,72.0
635,2006,ratio_F_HS_total,71.0
636,2007,ratio_F_HS_total,71.0
637,2008,ratio_F_HS_total,69.0
638,2009,ratio_F_HS_total,68.0
639,2010,ratio_F_HS_total,68.0
640,2011,ratio_F_HS_total,71.0
641,2012,ratio_F_HS_total,68.0
642,2013,ratio_F_HS_total,70.0
643,2014,ratio_F_HS_total,69.0
644,2015,ratio_F_HS_total,69.0
645,2016,ratio_F_HS_total,69.0
646,2017,ratio_F_HS_total,68.0
647,2018,ratio_F_HS_total,67.0
648,2019,ratio_F_HS_total,65.0
649,2020,ratio_F_HS_total,65.0
650,1995,ratio_F_SC_total,83.0
651,1996,ratio_F_SC_total,82.0
652,1997,ratio_F_SC_total,84.0
653,1998,ratio_F_SC_total,84.0
654,1999,ratio_F_SC_total,82.0
655,2000,ratio_F_SC_total,83.0
656,2001,ratio_F_SC_total,84.0
657,2002,ratio_F_SC_total,84.0
658,2003,ratio_F_SC_total,83.0
659,2004,ratio_F_SC_total,84.0
660,2005,ratio_F_SC_total,83.0
661,2006,ratio_F_SC_total,83.0
662,2007,ratio_F_SC_total,82.0
663,2008,ratio_F_SC_total,82.0
664,2009,ratio_F_SC_total,79.0
665,2010,ratio_F_SC_total,78.0
666,2011,ratio_F_SC_total,80.0
667,2012,ratio_F_SC_total,79.0
668,2013,ratio_F_SC_total,79.0
669,2014,ratio_F_SC_total,79.0
670,2015,ratio_F_SC_total,78.0
671,2016,ratio_F_SC_total,77.0
672,2017,ratio_F_SC_total,78.0
673,2018,ratio_F_SC_total,76.0
674,2019,ratio_F_SC_total,76.0
675,2020,ratio_F_SC_total,76.0
676,1995,ratio_F_BA_total,117.0
677,1996,ratio_F_BA_total,118.0
678,1997,ratio_F_BA_total,117.0
679,1998,ratio_F_BA_total,118.0
680,1999,ratio_F_BA_total,118.0
681,2000,ratio_F_BA_total,117.0
682,2001,ratio_F_BA_total,117.0
683,2002,ratio_F_BA_total,120.0
684,2003,ratio_F_BA_total,120.0
685,2004,ratio_F_BA_total,119.0
686,2005,ratio_F_BA_total,115.99999999999999
687,2006,ratio_F_BA_total,118.0
688,2007,ratio_F_BA_total,118.0
689,2008,ratio_F_BA_total,114.99999999999999
690,2009,ratio_F_BA_total,113.99999999999999
691,2010,ratio_F_BA_total,112.99999999999999
692,2011,ratio_F_BA_total,114.99999999999999
693,2012,ratio_F_BA_total,111.00000000000001
694,2013,ratio_F_BA_total,115.99999999999999
695,2014,ratio_F_BA_total,117.0
696,2015,ratio_F_BA_total,118.0
697,2016,ratio_F_BA_total,113.99999999999999
698,2017,ratio_F_BA_total,115.99999999999999
699,2018,ratio_F_BA_total,111.00000000000001
700,2019,ratio_F_BA_total,112.99999999999999
701,2020,ratio_F_BA_total,110.00000000000001
702,1995,ratio_F_AD_total,160.0
703,1996,ratio_F_AD_total,157.0
704,1997,ratio_F_AD_total,158.0
705,1998,ratio_F_AD_total,157.0
706,1999,ratio_F_AD_total,157.0
707,2000,ratio_F_AD_total,150.0
708,2001,ratio_F_AD_total,151.0
709,2002,ratio_F_AD_total,153.0
710,2003,ratio_F_AD_total,154.0
711,2004,ratio_F_AD_total,151.0
712,2005,ratio_F_AD_total,150.0
713,2006,ratio_F_AD_total,150.0
714,2007,ratio_F_AD_total,151.0
715,2008,ratio_F_AD_total,151.0
716,2009,ratio_F_AD_total,152.0
717,2010,ratio_F_AD_total,150.0
718,2011,ratio_F_AD_total,150.0
719,2012,ratio_F_AD_total,145.0
720,2013,ratio_F_AD_total,150.0
721,2014,ratio_F_AD_total,148.0
722,2015,ratio_F_AD_total,147.0
723,2016,ratio_F_AD_total,149.0
724,2017,ratio_F_AD_total,147.0
725,2018,ratio_F_AD_total,145.0
726,2019,ratio_F_AD_total,143.0
727,2020,ratio_F_AD_total,142.0
728,1995,ratio_W_M_HS_total,104.0
729,1996,ratio_W_M_HS_total,102.0
730,1997,ratio_W_M_HS_total,104.0
731,1998,ratio_W_M_HS_total,103.0
732,1999,ratio_W_M_HS_total,102.0
733,2000,ratio_W_M_HS_total,100.0
734,2001,ratio_W_M_HS_total,101.0
735,2002,ratio_W_M_HS_total,100.0
736,2003,ratio_W_M_HS_total,98.0
737,2004,ratio_W_M_HS_total,99.0
738,2005,ratio_W_M_HS_total,96.0
739,2006,ratio_W_M_HS_total,99.0
740,2007,ratio_W_M_HS_total,97.0
741,2008,ratio_W_M_HS_total,97.0
742,2009,ratio_W_M_HS_total,95.0
743,2010,ratio_W_M_HS_total,94.0
744,2011,ratio_W_M_HS_total,94.0
745,2012,ratio_W_M_HS_total,93.0
746,2013,ratio_W_M_HS_total,94.0
747,2014,ratio_W_M_HS_total,94.0
748,2015,ratio_W_M_HS_total,95.0
749,2016,ratio_W_M_HS_total,91.0
750,2017,ratio_W_M_HS_total,93.0
751,2018,ratio_W_M_HS_total,91.0
752,2019,ratio_W_M_HS_total,91.0
753,2020,ratio_W_M_HS_total,88.0
754,1995,ratio_W_M_SC_total,119.0
755,1996,ratio_W_M_SC_total,118.0
756,1997,ratio_W_M_SC_total,120.0
757,1998,ratio_W_M_SC_total,117.0
758,1999,ratio_W_M_SC_total,115.99999999999999
759,2000,ratio_W_M_SC_total,117.0
760,2001,ratio_W_M_SC_total,117.0
761,2002,ratio_W_M_SC_total,115.99999999999999
762,2003,ratio_W_M_SC_total,115.99999999999999
763,2004,ratio_W_M_SC_total,114.99999999999999
764,2005,ratio_W_M_SC_total,112.99999999999999
765,2006,ratio_W_M_SC_total,112.99999999999999
766,2007,ratio_W_M_SC_total,113.99999999999999
767,2008,ratio_W_M_SC_total,110.00000000000001
768,2009,ratio_W_M_SC_total,108.0
769,2010,ratio_W_M_SC_total,108.0
770,2011,ratio_W_M_SC_total,109.00000000000001
771,2012,ratio_W_M_SC_total,106.0
772,2013,ratio_W_M_SC_total,106.0
773,2014,ratio_W_M_SC_total,107.0
774,2015,ratio_W_M_SC_total,107.0
775,2016,ratio_W_M_SC_total,105.0
776,2017,ratio_W_M_SC_total,106.0
777,2018,ratio_W_M_SC_total,107.0
778,2019,ratio_W_M_SC_total,107.0
779,2020,ratio_W_M_SC_total,102.0
780,1995,ratio_W_M_BA_total,160.0
781,1996,ratio_W_M_BA_total,157.0
782,1997,ratio_W_M_BA_total,161.0
783,1998,ratio_W_M_BA_total,164.0
784,1999,ratio_W_M_BA_total,166.0
785,2000,ratio_W_M_BA_total,165.0
786,2001,ratio_W_M_BA_total,161.0
787,2002,ratio_W_M_BA_total,166.0
788,2003,ratio_W_M_BA_total,160.0
789,2004,ratio_W_M_BA_total,158.0
790,2005,ratio_W_M_BA_total,159.0
791,2006,ratio_W_M_BA_total,161.0
792,2007,ratio_W_M_BA_total,165.0
793,2008,ratio_W_M_BA_total,157.0
794,2009,ratio_W_M_BA_total,158.0
795,2010,ratio_W_M_BA_total,150.0
796,2011,ratio_W_M_BA_total,155.0
797,2012,ratio_W_M_BA_total,153.0
798,2013,ratio_W_M_BA_total,156.0
799,2014,ratio_W_M_BA_total,155.0
800,2015,ratio_W_M_BA_total,157.0
801,2016,ratio_W_M_BA_total,160.0
802,2017,ratio_W_M_BA_total,156.0
803,2018,ratio_W_M_BA_total,150.0
804,2019,ratio_W_M_BA_total,152.0
805,2020,ratio_W_M_BA_total,150.0
806,1995,ratio_W_M_AD_total,208.0
807,1996,ratio_W_M_AD_total,212.0
808,1997,ratio_W_M_AD_total,211.0
809,1998,ratio_W_M_AD_total,210.0
810,1999,ratio_W_M_AD_total,210.0
811,2000,ratio_W_M_AD_total,200.0
812,2001,ratio_W_M_AD_total,210.0
813,2002,ratio_W_M_AD_total,213.0
814,2003,ratio_W_M_AD_total,210.0
815,2004,ratio_W_M_AD_total,209.0
816,2005,ratio_W_M_AD_total,208.0
817,2006,ratio_W_M_AD_total,212.0
818,2007,ratio_W_M_AD_total,206.0
819,2008,ratio_W_M_AD_total,206.99999999999997
820,2009,ratio_W_M_AD_total,202.0
821,2010,ratio_W_M_AD_total,202.99999999999997
822,2011,ratio_W_M_AD_total,208.0
823,2012,ratio_W_M_AD_total,204.99999999999997
824,2013,ratio_W_M_AD_total,204.0
825,2014,ratio_W_M_AD_total,200.99999999999997
826,2015,ratio_W_M_AD_total,202.0
827,2016,ratio_W_M_AD_total,199.0
828,2017,ratio_W_M_AD_total,200.0
829,2018,ratio_W_M_AD_total,197.0
830,2019,ratio_W_M_AD_total,197.0
831,2020,ratio_W_M_AD_total,192.0
832,1995,ratio_W_F_HS_total,73.0
833,1996,ratio_W_F_HS_total,72.0
834,1997,ratio_W_F_HS_total,73.0
835,1998,ratio_W_F_HS_total,73.0
836,1999,ratio_W_F_HS_total,73.0
837,2000,ratio_W_F_HS_total,70.0
838,2001,ratio_W_F_HS_total,72.0
839,2002,ratio_W_F_HS_total,73.0
840,2003,ratio_W_F_HS_total,74.0
841,2004,ratio_W_F_HS_total,74.0
842,2005,ratio_W_F_HS_total,72.0
843,2006,ratio_W_F_HS_total,72.0
844,2007,ratio_W_F_HS_total,71.0
845,2008,ratio_W_F_HS_total,71.0
846,2009,ratio_W_F_HS_total,71.0
847,2010,ratio_W_F_HS_total,70.0
848,2011,ratio_W_F_HS_total,72.0
849,2012,ratio_W_F_HS_total,70.0
850,2013,ratio_W_F_HS_total,70.0
851,2014,ratio_W_F_HS_total,71.0
852,2015,ratio_W_F_HS_total,71.0
853,2016,ratio_W_F_HS_total,69.0
854,2017,ratio_W_F_HS_total,69.0
855,2018,ratio_W_F_HS_total,68.0
856,2019,ratio_W_F_HS_total,68.0
857,2020,ratio_W_F_HS_total,67.0
858,1995,ratio_W_F_SC_total,83.0
859,1996,ratio_W_F_SC_total,83.0
860,1997,ratio_W_F_SC_total,85.0
861,1998,ratio_W_F_SC_total,84.0
862,1999,ratio_W_F_SC_total,84.0
863,2000,ratio_W_F_SC_total,83.0
864,2001,ratio_W_F_SC_total,84.0
865,2002,ratio_W_F_SC_total,86.0
866,2003,ratio_W_F_SC_total,85.0
867,2004,ratio_W_F_SC_total,85.0
868,2005,ratio_W_F_SC_total,84.0
869,2006,ratio_W_F_SC_total,85.0
870,2007,ratio_W_F_SC_total,83.0
871,2008,ratio_W_F_SC_total,82.0
872,2009,ratio_W_F_SC_total,81.0
873,2010,ratio_W_F_SC_total,80.0
874,2011,ratio_W_F_SC_total,82.0
875,2012,ratio_W_F_SC_total,80.0
876,2013,ratio_W_F_SC_total,80.0
877,2014,ratio_W_F_SC_total,80.0
878,2015,ratio_W_F_SC_total,80.0
879,2016,ratio_W_F_SC_total,80.0
880,2017,ratio_W_F_SC_total,79.0
881,2018,ratio_W_F_SC_total,78.0
882,2019,ratio_W_F_SC_total,77.0
883,2020,ratio_W_F_SC_total,77.0
884,1995,ratio_W_F_BA_total,118.0
885,1996,ratio_W_F_BA_total,118.0
886,1997,ratio_W_F_BA_total,119.0
887,1998,ratio_W_F_BA_total,120.0
888,1999,ratio_W_F_BA_total,119.0
889,2000,ratio_W_F_BA_total,117.0
890,2001,ratio_W_F_BA_total,117.0
891,2002,ratio_W_F_BA_total,121.0
892,2003,ratio_W_F_BA_total,120.0
893,2004,ratio_W_F_BA_total,119.0
894,2005,ratio_W_F_BA_total,115.99999999999999
895,2006,ratio_W_F_BA_total,119.0
896,2007,ratio_W_F_BA_total,118.0
897,2008,ratio_W_F_BA_total,114.99999999999999
898,2009,ratio_W_F_BA_total,113.99999999999999
899,2010,ratio_W_F_BA_total,112.99999999999999
900,2011,ratio_W_F_BA_total,117.0
901,2012,ratio_W_F_BA_total,112.99999999999999
902,2013,ratio_W_F_BA_total,115.99999999999999
903,2014,ratio_W_F_BA_total,118.0
904,2015,ratio_W_F_BA_total,118.0
905,2016,ratio_W_F_BA_total,113.99999999999999
906,2017,ratio_W_F_BA_total,115.99999999999999
907,2018,ratio_W_F_BA_total,111.00000000000001
908,2019,ratio_W_F_BA_total,112.99999999999999
909,2020,ratio_W_F_BA_total,111.00000000000001
910,1995,ratio_W_F_AD_total,160.0
911,1996,ratio_W_F_AD_total,157.0
912,1997,ratio_W_F_AD_total,160.0
913,1998,ratio_W_F_AD_total,157.0
914,1999,ratio_W_F_AD_total,157.0
915,2000,ratio_W_F_AD_total,154.0
916,2001,ratio_W_F_AD_total,152.0
917,2002,ratio_W_F_AD_total,156.0
918,2003,ratio_W_F_AD_total,154.0
919,2004,ratio_W_F_AD_total,152.0
920,2005,ratio_W_F_AD_total,150.0
921,2006,ratio_W_F_AD_total,153.0
922,2007,ratio_W_F_AD_total,151.0
923,2008,ratio_W_F_AD_total,152.0
924,2009,ratio_W_F_AD_total,152.0
925,2010,ratio_W_F_AD_total,150.0
926,2011,ratio_W_F_AD_total,150.0
927,2012,ratio_W_F_AD_total,145.0
928,2013,ratio_W_F_AD_total,150.0
929,2014,ratio_W_F_AD_total,148.0
930,2015,ratio_W_F_AD_total,147.0
931,2016,ratio_W_F_AD_total,149.0
932,2017,ratio_W_F_AD_total,147.0
933,2018,ratio_W_F_AD_total,146.0
934,2019,ratio_W_F_AD_total,143.0
935,2020,ratio_W_F_AD_total,140.0
936,1995,ratio_L_M_HS_total,81.0
937,1996,ratio_L_M_HS_total,80.0
938,1997,ratio_L_M_HS_total,80.0
939,1998,ratio_L_M_HS_total,80.0
940,1999,ratio_L_M_HS_total,80.0
941,2000,ratio_L_M_HS_total,76.0
942,2001,ratio_L_M_HS_total,81.0
943,2002,ratio_L_M_HS_total,83.0
944,2003,ratio_L_M_HS_total,96.0
945,2004,ratio_L_M_HS_total,95.0
946,2005,ratio_L_M_HS_total,93.0
947,2006,ratio_L_M_HS_total,96.0
948,2007,ratio_L_M_HS_total,95.0
949,2008,ratio_L_M_HS_total,94.0
950,2009,ratio_L_M_HS_total,91.0
951,2010,ratio_L_M_HS_total,90.0
952,2011,ratio_L_M_HS_total,91.0
953,2012,ratio_L_M_HS_total,90.0
954,2013,ratio_L_M_HS_total,90.0
955,2014,ratio_L_M_HS_total,91.0
956,2015,ratio_L_M_HS_total,91.0
957,2016,ratio_L_M_HS_total,89.0
958,2017,ratio_L_M_HS_total,89.0
959,2018,ratio_L_M_HS_total,89.0
960,2019,ratio_L_M_HS_total,86.0
961,2020,ratio_L_M_HS_total,86.0
962,1995,ratio_L_M_SC_total,100.0
963,1996,ratio_L_M_SC_total,98.0
964,1997,ratio_L_M_SC_total,96.0
965,1998,ratio_L_M_SC_total,95.0
966,1999,ratio_L_M_SC_total,98.0
967,2000,ratio_L_M_SC_total,96.0
968,2001,ratio_L_M_SC_total,97.0
969,2002,ratio_L_M_SC_total,100.0
970,2003,ratio_L_M_SC_total,112.00000000000001
971,2004,ratio_L_M_SC_total,112.00000000000001
972,2005,ratio_L_M_SC_total,110.00000000000001
973,2006,ratio_L_M_SC_total,112.00000000000001
974,2007,ratio_L_M_SC_total,110.00000000000001
975,2008,ratio_L_M_SC_total,109.00000000000001
976,2009,ratio_L_M_SC_total,105.0
977,2010,ratio_L_M_SC_total,104.0
978,2011,ratio_L_M_SC_total,104.0
979,2012,ratio_L_M_SC_total,101.0
980,2013,ratio_L_M_SC_total,101.0
981,2014,ratio_L_M_SC_total,104.0
982,2015,ratio_L_M_SC_total,105.0
983,2016,ratio_L_M_SC_total,103.0
984,2017,ratio_L_M_SC_total,102.0
985,2018,ratio_L_M_SC_total,103.0
986,2019,ratio_L_M_SC_total,103.0
987,2020,ratio_L_M_SC_total,100.0
988,1995,ratio_L_M_BA_total,128.0
989,1996,ratio_L_M_BA_total,132.0
990,1997,ratio_L_M_BA_total,138.0
991,1998,ratio_L_M_BA_total,143.0
992,1999,ratio_L_M_BA_total,140.0
993,2000,ratio_L_M_BA_total,134.0
994,2001,ratio_L_M_BA_total,136.0
995,2002,ratio_L_M_BA_total,135.0
996,2003,ratio_L_M_BA_total,160.0
997,2004,ratio_L_M_BA_total,155.0
998,2005,ratio_L_M_BA_total,156.0
999,2006,ratio_L_M_BA_total,156.0
1000,2007,ratio_L_M_BA_total,158.0
1001,2008,ratio_L_M_BA_total,157.0
1002,2009,ratio_L_M_BA_total,152.0
1003,2010,ratio_L_M_BA_total,150.0
1004,2011,ratio_L_M_BA_total,150.0
1005,2012,ratio_L_M_BA_total,151.0
1006,2013,ratio_L_M_BA_total,155.0
1007,2014,ratio_L_M_BA_total,150.0
1008,2015,ratio_L_M_BA_total,155.0
1009,2016,ratio_L_M_BA_total,154.0
1010,2017,ratio_L_M_BA_total,156.0
1011,2018,ratio_L_M_BA_total,150.0
1012,2019,ratio_L_M_BA_total,148.0
1013,2020,ratio_L_M_BA_total,145.0
1014,1995,ratio_L_M_AD_total,188.0
1015,1996,ratio_L_M_AD_total,188.0
1016,1997,ratio_L_M_AD_total,161.0
1017,1998,ratio_L_M_AD_total,180.0
1018,1999,ratio_L_M_AD_total,191.0
1019,2000,ratio_L_M_AD_total,180.0
1020,2001,ratio_L_M_AD_total,168.0
1021,2002,ratio_L_M_AD_total,179.0
1022,2003,ratio_L_M_AD_total,204.99999999999997
1023,2004,ratio_L_M_AD_total,209.0
1024,2005,ratio_L_M_AD_total,204.99999999999997
1025,2006,ratio_L_M_AD_total,209.0
1026,2007,ratio_L_M_AD_total,206.0
1027,2008,ratio_L_M_AD_total,204.0
1028,2009,ratio_L_M_AD_total,202.0
1029,2010,ratio_L_M_AD_total,200.0
1030,2011,ratio_L_M_AD_total,200.0
1031,2012,ratio_L_M_AD_total,200.0
1032,2013,ratio_L_M_AD_total,202.0
1033,2014,ratio_L_M_AD_total,200.0
1034,2015,ratio_L_M_AD_total,200.0
1035,2016,ratio_L_M_AD_total,197.0
1036,2017,ratio_L_M_AD_total,200.0
1037,2018,ratio_L_M_AD_total,194.0
1038,2019,ratio_L_M_AD_total,197.0
1039,2020,ratio_L_M_AD_total,192.0
1040,1995,ratio_L_F_HS_total,62.0
1041,1996,ratio_L_F_HS_total,65.0
1042,1997,ratio_L_F_HS_total,64.0
1043,1998,ratio_L_F_HS_total,66.0
1044,1999,ratio_L_F_HS_total,65.0
1045,2000,ratio_L_F_HS_total,64.0
1046,2001,ratio_L_F_HS_total,67.0
1047,2002,ratio_L_F_HS_total,67.0
1048,2003,ratio_L_F_HS_total,72.0
1049,2004,ratio_L_F_HS_total,72.0
1050,2005,ratio_L_F_HS_total,72.0
1051,2006,ratio_L_F_HS_total,71.0
1052,2007,ratio_L_F_HS_total,71.0
1053,2008,ratio_L_F_HS_total,69.0
1054,2009,ratio_L_F_HS_total,68.0
1055,2010,ratio_L_F_HS_total,68.0
1056,2011,ratio_L_F_HS_total,71.0
1057,2012,ratio_L_F_HS_total,68.0
1058,2013,ratio_L_F_HS_total,70.0
1059,2014,ratio_L_F_HS_total,69.0
1060,2015,ratio_L_F_HS_total,69.0
1061,2016,ratio_L_F_HS_total,69.0
1062,2017,ratio_L_F_HS_total,68.0
1063,2018,ratio_L_F_HS_total,67.0
1064,2019,ratio_L_F_HS_total,65.0
1065,2020,ratio_L_F_HS_total,65.0
1066,1995,ratio_L_F_SC_total,77.0
1067,1996,ratio_L_F_SC_total,75.0
1068,1997,ratio_L_F_SC_total,80.0
1069,1998,ratio_L_F_SC_total,76.0
1070,1999,ratio_L_F_SC_total,75.0
1071,2000,ratio_L_F_SC_total,76.0
1072,2001,ratio_L_F_SC_total,77.0
1073,2002,ratio_L_F_SC_total,80.0
1074,2003,ratio_L_F_SC_total,83.0
1075,2004,ratio_L_F_SC_total,84.0
1076,2005,ratio_L_F_SC_total,83.0
1077,2006,ratio_L_F_SC_total,83.0
1078,2007,ratio_L_F_SC_total,82.0
1079,2008,ratio_L_F_SC_total,82.0
1080,2009,ratio_L_F_SC_total,79.0
1081,2010,ratio_L_F_SC_total,78.0
1082,2011,ratio_L_F_SC_total,80.0
1083,2012,ratio_L_F_SC_total,79.0
1084,2013,ratio_L_F_SC_total,79.0
1085,2014,ratio_L_F_SC_total,79.0
1086,2015,ratio_L_F_SC_total,78.0
1087,2016,ratio_L_F_SC_total,77.0
1088,2017,ratio_L_F_SC_total,78.0
1089,2018,ratio_L_F_SC_total,76.0
1090,2019,ratio_L_F_SC_total,76.0
1091,2020,ratio_L_F_SC_total,76.0
1092,1995,ratio_L_F_BA_total,109.00000000000001
1093,1996,ratio_L_F_BA_total,114.99999999999999
1094,1997,ratio_L_F_BA_total,114.99999999999999
1095,1998,ratio_L_F_BA_total,112.99999999999999
1096,1999,ratio_L_F_BA_total,112.00000000000001
1097,2000,ratio_L_F_BA_total,108.0
1098,2001,ratio_L_F_BA_total,109.00000000000001
1099,2002,ratio_L_F_BA_total,109.00000000000001
1100,2003,ratio_L_F_BA_total,120.0
1101,2004,ratio_L_F_BA_total,119.0
1102,2005,ratio_L_F_BA_total,115.99999999999999
1103,2006,ratio_L_F_BA_total,118.0
1104,2007,ratio_L_F_BA_total,118.0
1105,2008,ratio_L_F_BA_total,114.99999999999999
1106,2009,ratio_L_F_BA_total,113.99999999999999
1107,2010,ratio_L_F_BA_total,112.99999999999999
1108,2011,ratio_L_F_BA_total,114.99999999999999
1109,2012,ratio_L_F_BA_total,111.00000000000001
1110,2013,ratio_L_F_BA_total,115.99999999999999
1111,2014,ratio_L_F_BA_total,117.0
1112,2015,ratio_L_F_BA_total,118.0
1113,2016,ratio_L_F_BA_total,113.99999999999999
1114,2017,ratio_L_F_BA_total,115.99999999999999
1115,2018,ratio_L_F_BA_total,111.00000000000001
1116,2019,ratio_L_F_BA_total,112.99999999999999
1117,2020,ratio_L_F_BA_total,110.00000000000001
1118,1995,ratio_L_F_AD_total,158.0
1119,1996,ratio_L_F_AD_total,157.0
1120,1997,ratio_L_F_AD_total,138.0
1121,1998,ratio_L_F_AD_total,134.0
1122,1999,ratio_L_F_AD_total,140.0
1123,2000,ratio_L_F_AD_total,134.0
1124,2001,ratio_L_F_AD_total,136.0
1125,2002,ratio_L_F_AD_total,136.0
1126,2003,ratio_L_F_AD_total,154.0
1127,2004,ratio_L_F_AD_total,151.0
1128,2005,ratio_L_F_AD_total,150.0
1129,2006,ratio_L_F_AD_total,150.0
1130,2007,ratio_L_F_AD_total,151.0
1131,2008,ratio_L_F_AD_total,151.0
1132,2009,ratio_L_F_AD_total,152.0
1133,2010,ratio_L_F_AD_total,150.0
1134,2011,ratio_L_F_AD_total,150.0
1135,2012,ratio_L_F_AD_total,145.0
1136,2013,ratio_L_F_AD_total,150.0
1137,2014,ratio_L_F_AD_total,148.0
1138,2015,ratio_L_F_AD_total,147.0
1139,2016,ratio_L_F_AD_total,149.0
1140,2017,ratio_L_F_AD_total,147.0
1141,2018,ratio_L_F_AD_total,145.0
1142,2019,ratio_L_F_AD_total,143.0
1143,2020,ratio_L_F_AD_total,142.0
1144,1995,ratio_B_M_HS_total,80.0
1145,1996,ratio_B_M_HS_total,78.0
1146,1997,ratio_B_M_HS_total,80.0
1147,1998,ratio_B_M_HS_total,82.0
1148,1999,ratio_B_M_HS_total,81.0
1149,2000,ratio_B_M_HS_total,80.0
1150,2001,ratio_B_M_HS_total,81.0
1151,2002,ratio_B_M_HS_total,82.0
1152,2003,ratio_B_M_HS_total,80.0
1153,2004,ratio_B_M_HS_total,78.0
1154,2005,ratio_B_M_HS_total,75.0
1155,2006,ratio_B_M_HS_total,77.0
1156,2007,ratio_B_M_HS_total,74.0
1157,2008,ratio_B_M_HS_total,76.0
1158,2009,ratio_B_M_HS_total,75.0
1159,2010,ratio_B_M_HS_total,75.0
1160,2011,ratio_B_M_HS_total,77.0
1161,2012,ratio_B_M_HS_total,74.0
1162,2013,ratio_B_M_HS_total,73.0
1163,2014,ratio_B_M_HS_total,74.0
1164,2015,ratio_B_M_HS_total,74.0
1165,2016,ratio_B_M_HS_total,71.0
1166,2017,ratio_B_M_HS_total,72.0
1167,2018,ratio_B_M_HS_total,72.0
1168,2019,ratio_B_M_HS_total,72.0
1169,2020,ratio_B_M_HS_total,72.0
1170,1995,ratio_B_M_SC_total,90.0
1171,1996,ratio_B_M_SC_total,92.0
1172,1997,ratio_B_M_SC_total,95.0
1173,1998,ratio_B_M_SC_total,95.0
1174,1999,ratio_B_M_SC_total,91.0
1175,2000,ratio_B_M_SC_total,94.0
1176,2001,ratio_B_M_SC_total,94.0
1177,2002,ratio_B_M_SC_total,93.0
1178,2003,ratio_B_M_SC_total,92.0
1179,2004,ratio_B_M_SC_total,90.0
1180,2005,ratio_B_M_SC_total,90.0
1181,2006,ratio_B_M_SC_total,88.0
1182,2007,ratio_B_M_SC_total,91.0
1183,2008,ratio_B_M_SC_total,87.0
1184,2009,ratio_B_M_SC_total,84.0
1185,2010,ratio_B_M_SC_total,84.0
1186,2011,ratio_B_M_SC_total,88.0
1187,2012,ratio_B_M_SC_total,85.0
1188,2013,ratio_B_M_SC_total,82.0
1189,2014,ratio_B_M_SC_total,83.0
1190,2015,ratio_B_M_SC_total,87.0
1191,2016,ratio_B_M_SC_total,86.0
1192,2017,ratio_B_M_SC_total,83.0
1193,2018,ratio_B_M_SC_total,83.0
1194,2019,ratio_B_M_SC_total,82.0
1195,2020,ratio_B_M_SC_total,80.0
1196,1995,ratio_B_M_BA_total,125.0
1197,1996,ratio_B_M_BA_total,126.0
1198,1997,ratio_B_M_BA_total,123.0
1199,1998,ratio_B_M_BA_total,128.0
1200,1999,ratio_B_M_BA_total,133.0
1201,2000,ratio_B_M_BA_total,123.0
1202,2001,ratio_B_M_BA_total,128.0
1203,2002,ratio_B_M_BA_total,131.0
1204,2003,ratio_B_M_BA_total,122.0
1205,2004,ratio_B_M_BA_total,125.0
1206,2005,ratio_B_M_BA_total,121.0
1207,2006,ratio_B_M_BA_total,127.0
1208,2007,ratio_B_M_BA_total,124.0
1209,2008,ratio_B_M_BA_total,119.0
1210,2009,ratio_B_M_BA_total,118.0
1211,2010,ratio_B_M_BA_total,124.0
1212,2011,ratio_B_M_BA_total,125.0
1213,2012,ratio_B_M_BA_total,121.0
1214,2013,ratio_B_M_BA_total,121.0
1215,2014,ratio_B_M_BA_total,113.99999999999999
1216,2015,ratio_B_M_BA_total,124.0
1217,2016,ratio_B_M_BA_total,113.99999999999999
1218,2017,ratio_B_M_BA_total,111.00000000000001
1219,2018,ratio_B_M_BA_total,111.00000000000001
1220,2019,ratio_B_M_BA_total,112.99999999999999
1221,2020,ratio_B_M_BA_total,114.99999999999999
1222,1995,ratio_B_M_AD_total,162.0
1223,1996,ratio_B_M_AD_total,163.0
1224,1997,ratio_B_M_AD_total,169.0
1225,1998,ratio_B_M_AD_total,168.0
1226,1999,ratio_B_M_AD_total,174.0
1227,2000,ratio_B_M_AD_total,167.0
1228,2001,ratio_B_M_AD_total,177.0
1229,2002,ratio_B_M_AD_total,160.0
1230,2003,ratio_B_M_AD_total,154.0
1231,2004,ratio_B_M_AD_total,164.0
1232,2005,ratio_B_M_AD_total,159.0
1233,2006,ratio_B_M_AD_total,170.0
1234,2007,ratio_B_M_AD_total,165.0
1235,2008,ratio_B_M_AD_total,165.0
1236,2009,ratio_B_M_AD_total,158.0
1237,2010,ratio_B_M_AD_total,163.0
1238,2011,ratio_B_M_AD_total,150.0
1239,2012,ratio_B_M_AD_total,169.0
1240,2013,ratio_B_M_AD_total,159.0
1241,2014,ratio_B_M_AD_total,167.0
1242,2015,ratio_B_M_AD_total,159.0
1243,2016,ratio_B_M_AD_total,153.0
1244,2017,ratio_B_M_AD_total,150.0
1245,2018,ratio_B_M_AD_total,156.0
1246,2019,ratio_B_M_AD_total,154.0
1247,2020,ratio_B_M_AD_total,154.0
1248,1995,ratio_B_F_HS_total,64.0
1249,1996,ratio_B_F_HS_total,65.0
1250,1997,ratio_B_F_HS_total,64.0
1251,1998,ratio_B_F_HS_total,67.0
1252,1999,ratio_B_F_HS_total,65.0
1253,2000,ratio_B_F_HS_total,65.0
1254,2001,ratio_B_F_HS_total,66.0
1255,2002,ratio_B_F_HS_total,67.0
1256,2003,ratio_B_F_HS_total,67.0
1257,2004,ratio_B_F_HS_total,68.0
1258,2005,ratio_B_F_HS_total,65.0
1259,2006,ratio_B_F_HS_total,65.0
1260,2007,ratio_B_F_HS_total,66.0
1261,2008,ratio_B_F_HS_total,65.0
1262,2009,ratio_B_F_HS_total,64.0
1263,2010,ratio_B_F_HS_total,63.0
1264,2011,ratio_B_F_HS_total,63.0
1265,2012,ratio_B_F_HS_total,62.0
1266,2013,ratio_B_F_HS_total,62.0
1267,2014,ratio_B_F_HS_total,62.0
1268,2015,ratio_B_F_HS_total,59.0
1269,2016,ratio_B_F_HS_total,62.0
1270,2017,ratio_B_F_HS_total,60.0
1271,2018,ratio_B_F_HS_total,60.0
1272,2019,ratio_B_F_HS_total,60.0
1273,2020,ratio_B_F_HS_total,60.0
1274,1995,ratio_B_F_SC_total,78.0
1275,1996,ratio_B_F_SC_total,81.0
1276,1997,ratio_B_F_SC_total,79.0
1277,1998,ratio_B_F_SC_total,78.0
1278,1999,ratio_B_F_SC_total,77.0
1279,2000,ratio_B_F_SC_total,78.0
1280,2001,ratio_B_F_SC_total,81.0
1281,2002,ratio_B_F_SC_total,80.0
1282,2003,ratio_B_F_SC_total,79.0
1283,2004,ratio_B_F_SC_total,78.0
1284,2005,ratio_B_F_SC_total,75.0
1285,2006,ratio_B_F_SC_total,76.0
1286,2007,ratio_B_F_SC_total,77.0
1287,2008,ratio_B_F_SC_total,77.0
1288,2009,ratio_B_F_SC_total,76.0
1289,2010,ratio_B_F_SC_total,75.0
1290,2011,ratio_B_F_SC_total,75.0
1291,2012,ratio_B_F_SC_total,73.0
1292,2013,ratio_B_F_SC_total,72.0
1293,2014,ratio_B_F_SC_total,71.0
1294,2015,ratio_B_F_SC_total,71.0
1295,2016,ratio_B_F_SC_total,71.0
1296,2017,ratio_B_F_SC_total,70.0
1297,2018,ratio_B_F_SC_total,67.0
1298,2019,ratio_B_F_SC_total,68.0
1299,2020,ratio_B_F_SC_total,69.0
1300,1995,ratio_B_F_BA_total,110.00000000000001
1301,1996,ratio_B_F_BA_total,110.00000000000001
1302,1997,ratio_B_F_BA_total,111.00000000000001
1303,1998,ratio_B_F_BA_total,110.00000000000001
1304,1999,ratio_B_F_BA_total,114.99999999999999
1305,2000,ratio_B_F_BA_total,114.99999999999999
1306,2001,ratio_B_F_BA_total,113.99999999999999
1307,2002,ratio_B_F_BA_total,113.99999999999999
1308,2003,ratio_B_F_BA_total,120.0
1309,2004,ratio_B_F_BA_total,112.00000000000001
1310,2005,ratio_B_F_BA_total,107.0
1311,2006,ratio_B_F_BA_total,112.00000000000001
1312,2007,ratio_B_F_BA_total,110.00000000000001
1313,2008,ratio_B_F_BA_total,110.00000000000001
1314,2009,ratio_B_F_BA_total,107.0
1315,2010,ratio_B_F_BA_total,108.0
1316,2011,ratio_B_F_BA_total,107.0
1317,2012,ratio_B_F_BA_total,101.0
1318,2013,ratio_B_F_BA_total,112.99999999999999
1319,2014,ratio_B_F_BA_total,107.0
1320,2015,ratio_B_F_BA_total,111.00000000000001
1321,2016,ratio_B_F_BA_total,101.0
1322,2017,ratio_B_F_BA_total,104.0
1323,2018,ratio_B_F_BA_total,103.0
1324,2019,ratio_B_F_BA_total,102.0
1325,2020,ratio_B_F_BA_total,100.0
1326,1995,ratio_B_F_AD_total,155.0
1327,1996,ratio_B_F_AD_total,148.0
1328,1997,ratio_B_F_AD_total,138.0
1329,1998,ratio_B_F_AD_total,146.0
1330,1999,ratio_B_F_AD_total,150.0
1331,2000,ratio_B_F_AD_total,135.0
1332,2001,ratio_B_F_AD_total,136.0
1333,2002,ratio_B_F_AD_total,148.0
1334,2003,ratio_B_F_AD_total,145.0
1335,2004,ratio_B_F_AD_total,149.0
1336,2005,ratio_B_F_AD_total,145.0
1337,2006,ratio_B_F_AD_total,141.0
1338,2007,ratio_B_F_AD_total,151.0
1339,2008,ratio_B_F_AD_total,144.0
1340,2009,ratio_B_F_AD_total,139.0
1341,2010,ratio_B_F_AD_total,130.0
1342,2011,ratio_B_F_AD_total,135.0
1343,2012,ratio_B_F_AD_total,144.0
1344,2013,ratio_B_F_AD_total,144.0
1345,2014,ratio_B_F_AD_total,136.0
1346,2015,ratio_B_F_AD_total,131.0
1347,2016,ratio_B_F_AD_total,137.0
1348,2017,ratio_B_F_AD_total,129.0
1349,2018,ratio_B_F_AD_total,128.0
1350,2019,ratio_B_F_AD_total,130.0
1351,2020,ratio_B_F_AD_total,127.0
1352,1995,ratio_A_M_HS_total,83.0
1353,1996,ratio_A_M_HS_total,87.0
1354,1997,ratio_A_M_HS_total,80.0
1355,1998,ratio_A_M_HS_total,84.0
1356,1999,ratio_A_M_HS_total,83.0
1357,2000,ratio_A_M_HS_total,87.0
1358,2001,ratio_A_M_HS_total,84.0
1359,2002,ratio_A_M_HS_total,89.0
1360,2003,ratio_A_M_HS_total,83.0
1361,2004,ratio_A_M_HS_total,82.0
1362,2005,ratio_A_M_HS_total,83.0
1363,2006,ratio_A_M_HS_total,84.0
1364,2007,ratio_A_M_HS_total,86.0
1365,2008,ratio_A_M_HS_total,81.0
1366,2009,ratio_A_M_HS_total,79.0
1367,2010,ratio_A_M_HS_total,79.0
1368,2011,ratio_A_M_HS_total,78.0
1369,2012,ratio_A_M_HS_total,77.0
1370,2013,ratio_A_M_HS_total,75.0
1371,2014,ratio_A_M_HS_total,77.0
1372,2015,ratio_A_M_HS_total,79.0
1373,2016,ratio_A_M_HS_total,79.0
1374,2017,ratio_A_M_HS_total,79.0
1375,2018,ratio_A_M_HS_total,83.0
1376,2019,ratio_A_M_HS_total,77.0
1377,2020,ratio_A_M_HS_total,79.0
1378,1995,ratio_A_M_SC_total,104.0
1379,1996,ratio_A_M_SC_total,98.0
1380,1997,ratio_A_M_SC_total,100.0
1381,1998,ratio_A_M_SC_total,99.0
1382,1999,ratio_A_M_SC_total,105.0
1383,2000,ratio_A_M_SC_total,104.0
1384,2001,ratio_A_M_SC_total,103.0
1385,2002,ratio_A_M_SC_total,103.0
1386,2003,ratio_A_M_SC_total,106.0
1387,2004,ratio_A_M_SC_total,93.0
1388,2005,ratio_A_M_SC_total,96.0
1389,2006,ratio_A_M_SC_total,98.0
1390,2007,ratio_A_M_SC_total,103.0
1391,2008,ratio_A_M_SC_total,94.0
1392,2009,ratio_A_M_SC_total,94.0
1393,2010,ratio_A_M_SC_total,92.0
1394,2011,ratio_A_M_SC_total,98.0
1395,2012,ratio_A_M_SC_total,90.0
1396,2013,ratio_A_M_SC_total,97.0
1397,2014,ratio_A_M_SC_total,93.0
1398,2015,ratio_A_M_SC_total,95.0
1399,2016,ratio_A_M_SC_total,95.0
1400,2017,ratio_A_M_SC_total,93.0
1401,2018,ratio_A_M_SC_total,95.0
1402,2019,ratio_A_M_SC_total,93.0
1403,2020,ratio_A_M_SC_total,96.0
1404,1995,ratio_A_M_BA_total,144.0
1405,1996,ratio_A_M_BA_total,139.0
1406,1997,ratio_A_M_BA_total,144.0
1407,1998,ratio_A_M_BA_total,143.0
1408,1999,ratio_A_M_BA_total,145.0
1409,2000,ratio_A_M_BA_total,148.0
1410,2001,ratio_A_M_BA_total,147.0
1411,2002,ratio_A_M_BA_total,153.0
1412,2003,ratio_A_M_BA_total,148.0
1413,2004,ratio_A_M_BA_total,149.0
1414,2005,ratio_A_M_BA_total,145.0
1415,2006,ratio_A_M_BA_total,153.0
1416,2007,ratio_A_M_BA_total,157.0
1417,2008,ratio_A_M_BA_total,157.0
1418,2009,ratio_A_M_BA_total,139.0
1419,2010,ratio_A_M_BA_total,143.0
1420,2011,ratio_A_M_BA_total,150.0
1421,2012,ratio_A_M_BA_total,150.0
1422,2013,ratio_A_M_BA_total,156.0
1423,2014,ratio_A_M_BA_total,152.0
1424,2015,ratio_A_M_BA_total,155.0
1425,2016,ratio_A_M_BA_total,157.0
1426,2017,ratio_A_M_BA_total,162.0
1427,2018,ratio_A_M_BA_total,154.0
1428,2019,ratio_A_M_BA_total,160.0
1429,2020,ratio_A_M_BA_total,152.0
1430,1995,ratio_A_M_AD_total,192.0
1431,1996,ratio_A_M_AD_total,196.0
1432,1997,ratio_A_M_AD_total,200.0
1433,1998,ratio_A_M_AD_total,183.0
1434,1999,ratio_A_M_AD_total,198.0
1435,2000,ratio_A_M_AD_total,202.99999999999997
1436,2001,ratio_A_M_AD_total,204.0
1437,2002,ratio_A_M_AD_total,208.0
1438,2003,ratio_A_M_AD_total,200.99999999999997
1439,2004,ratio_A_M_AD_total,209.0
1440,2005,ratio_A_M_AD_total,208.0
1441,2006,ratio_A_M_AD_total,209.0
1442,2007,ratio_A_M_AD_total,206.0
1443,2008,ratio_A_M_AD_total,209.0
1444,2009,ratio_A_M_AD_total,198.0
1445,2010,ratio_A_M_AD_total,200.0
1446,2011,ratio_A_M_AD_total,200.0
1447,2012,ratio_A_M_AD_total,193.0
1448,2013,ratio_A_M_AD_total,212.0
1449,2014,ratio_A_M_AD_total,214.0
1450,2015,ratio_A_M_AD_total,213.0
1451,2016,ratio_A_M_AD_total,219.0
1452,2017,ratio_A_M_AD_total,208.0
1453,2018,ratio_A_M_AD_total,204.0
1454,2019,ratio_A_M_AD_total,209.0
1455,2020,ratio_A_M_AD_total,197.0
1456,1995,ratio_A_F_HS_total,67.0
1457,1996,ratio_A_F_HS_total,66.0
1458,1997,ratio_A_F_HS_total,71.0
1459,1998,ratio_A_F_HS_total,67.0
1460,1999,ratio_A_F_HS_total,73.0
1461,2000,ratio_A_F_HS_total,69.0
1462,2001,ratio_A_F_HS_total,67.0
1463,2002,ratio_A_F_HS_total,70.0
1464,2003,ratio_A_F_HS_total,71.0
1465,2004,ratio_A_F_HS_total,68.0
1466,2005,ratio_A_F_HS_total,72.0
1467,2006,ratio_A_F_HS_total,71.0
1468,2007,ratio_A_F_HS_total,69.0
1469,2008,ratio_A_F_HS_total,70.0
1470,2009,ratio_A_F_HS_total,68.0
1471,2010,ratio_A_F_HS_total,68.0
1472,2011,ratio_A_F_HS_total,68.0
1473,2012,ratio_A_F_HS_total,63.0
1474,2013,ratio_A_F_HS_total,70.0
1475,2014,ratio_A_F_HS_total,68.0
1476,2015,ratio_A_F_HS_total,71.0
1477,2016,ratio_A_F_HS_total,71.0
1478,2017,ratio_A_F_HS_total,69.0
1479,2018,ratio_A_F_HS_total,64.0
1480,2019,ratio_A_F_HS_total,64.0
1481,2020,ratio_A_F_HS_total,60.0
1482,1995,ratio_A_F_SC_total,84.0
1483,1996,ratio_A_F_SC_total,85.0
1484,1997,ratio_A_F_SC_total,83.0
1485,1998,ratio_A_F_SC_total,82.0
1486,1999,ratio_A_F_SC_total,84.0
1487,2000,ratio_A_F_SC_total,83.0
1488,2001,ratio_A_F_SC_total,81.0
1489,2002,ratio_A_F_SC_total,80.0
1490,2003,ratio_A_F_SC_total,85.0
1491,2004,ratio_A_F_SC_total,81.0
1492,2005,ratio_A_F_SC_total,83.0
1493,2006,ratio_A_F_SC_total,84.0
1494,2007,ratio_A_F_SC_total,83.0
1495,2008,ratio_A_F_SC_total,82.0
1496,2009,ratio_A_F_SC_total,79.0
1497,2010,ratio_A_F_SC_total,80.0
1498,2011,ratio_A_F_SC_total,78.0
1499,2012,ratio_A_F_SC_total,75.0
1500,2013,ratio_A_F_SC_total,80.0
1501,2014,ratio_A_F_SC_total,83.0
1502,2015,ratio_A_F_SC_total,78.0
1503,2016,ratio_A_F_SC_total,80.0
1504,2017,ratio_A_F_SC_total,78.0
1505,2018,ratio_A_F_SC_total,75.0
1506,2019,ratio_A_F_SC_total,80.0
1507,2020,ratio_A_F_SC_total,78.0
1508,1995,ratio_A_F_BA_total,113.99999999999999
1509,1996,ratio_A_F_BA_total,117.0
1510,1997,ratio_A_F_BA_total,120.0
1511,1998,ratio_A_F_BA_total,122.0
1512,1999,ratio_A_F_BA_total,117.0
1513,2000,ratio_A_F_BA_total,120.0
1514,2001,ratio_A_F_BA_total,117.0
1515,2002,ratio_A_F_BA_total,114.99999999999999
1516,2003,ratio_A_F_BA_total,115.99999999999999
1517,2004,ratio_A_F_BA_total,119.0
1518,2005,ratio_A_F_BA_total,120.0
1519,2006,ratio_A_F_BA_total,118.0
1520,2007,ratio_A_F_BA_total,119.0
1521,2008,ratio_A_F_BA_total,123.0
1522,2009,ratio_A_F_BA_total,121.0
1523,2010,ratio_A_F_BA_total,121.0
1524,2011,ratio_A_F_BA_total,118.0
1525,2012,ratio_A_F_BA_total,121.0
1526,2013,ratio_A_F_BA_total,120.0
1527,2014,ratio_A_F_BA_total,124.0
1528,2015,ratio_A_F_BA_total,124.0
1529,2016,ratio_A_F_BA_total,126.0
1530,2017,ratio_A_F_BA_total,121.0
1531,2018,ratio_A_F_BA_total,117.0
1532,2019,ratio_A_F_BA_total,123.0
1533,2020,ratio_A_F_BA_total,120.0
1534,1995,ratio_A_F_AD_total,160.0
1535,1996,ratio_A_F_AD_total,153.0
1536,1997,ratio_A_F_AD_total,161.0
1537,1998,ratio_A_F_AD_total,161.0
1538,1999,ratio_A_F_AD_total,153.0
1539,2000,ratio_A_F_AD_total,160.0
1540,2001,ratio_A_F_AD_total,148.0
1541,2002,ratio_A_F_AD_total,157.0
1542,2003,ratio_A_F_AD_total,145.0
1543,2004,ratio_A_F_AD_total,155.0
1544,2005,ratio_A_F_AD_total,159.0
1545,2006,ratio_A_F_AD_total,159.0
1546,2007,ratio_A_F_AD_total,159.0
1547,2008,ratio_A_F_AD_total,157.0
1548,2009,ratio_A_F_AD_total,152.0
1549,2010,ratio_A_F_AD_total,163.0
1550,2011,ratio_A_F_AD_total,151.0
1551,2012,ratio_A_F_AD_total,157.0
1552,2013,ratio_A_F_AD_total,155.0
1553,2014,ratio_A_F_AD_total,164.0
1554,2015,ratio_A_F_AD_total,167.0
1555,2016,ratio_A_F_AD_total,167.0
1556,2017,ratio_A_F_AD_total,167.0
1557,2018,ratio_A_F_AD_total,160.0
1558,2019,ratio_A_F_AD_total,168.0
1559,2020,ratio_A_F_AD_total,164.0
